,position_name,company_name,job_location,Seniority level,Employment type,Job function,Industries,sql, python , excel , r , tableau , power bi ,collection_date,search
0,Junior Business Analyst,PwC Ireland,"Dublin City, County Dublin, Ireland",Entry level,Full-time,"Research, Analyst, and Information Technology",Accounting,0,0,0,0,0,0,25/08/2022," ""Healthcare"" ""Analyst"" "
1,Microbiology Laboratory Analyst,Pinewood Healthcare,"Ballymacarbry, County Waterford, Ireland",Entry level,Full-time,"Research, Analyst, and Information Technology",Pharmaceutical Manufacturing,0,0,0,0,0,0,25/08/2022," ""Healthcare"" ""Analyst"" "
2,QC Analyst,Pfizer,"Dublin, County Dublin, Ireland",Entry level,Full-time,Quality Assurance,Pharmaceutical Manufacturing,0,0,0,0,0,0,25/08/2022," ""Healthcare"" ""Analyst"" "
3,Junior Business Analyst,PwC Ireland,"Cork, County Cork, Ireland",Entry level,Full-time,"Research, Analyst, and Information Technology",Accounting,0,0,0,0,0,0,25/08/2022," ""Healthcare"" ""Analyst"" "
4,Incoming Quality Control Analyst,Grifols,"Dublin, County Dublin, Ireland",Entry level,Full-time,Quality Assurance,Medical Equipment Manufacturing and Pharmaceutical Manufacturing,0,0,1,0,0,0,25/08/2022," ""Healthcare"" ""Analyst"" "
5,Healthcare Business Analyst,Sabeo,"Dublin, County Dublin, Ireland",Associate,Contract,"Research, Analyst, and Information Technology",IT Services and IT Consulting,0,0,0,0,0,0,25/08/2022," ""Healthcare"" ""Analyst"" "
6,QC Analyst P2 - Grange Castle,Takeda,"Dublin, County Dublin, Ireland",Entry level,Full-time,Quality Assurance,Pharmaceutical Manufacturing,0,0,0,0,0,0,25/08/2022," ""Healthcare"" ""Analyst"" "
7,QC Analyst Level I,Viatris,"Inverin, County Galway, Ireland",Entry level,Full-time,Quality Assurance,Pharmaceutical Manufacturing,0,0,0,0,0,0,25/08/2022," ""Healthcare"" ""Analyst"" "
8,QC Chemistry Analyst,Grifols,"Dublin, County Dublin, Ireland",Entry level,Full-time,Quality Assurance,Medical Equipment Manufacturing and Pharmaceutical Manufacturing,0,0,0,0,0,0,25/08/2022," ""Healthcare"" ""Analyst"" "
9,"DNCC202271 Grade VII, Business Analyst – Procurement Compliance",Health Service Executive,"Dublin, County Dublin, Ireland",Associate,Full-time,"Research, Analyst, and Information Technology",Hospitals and Health Care,0,0,0,0,0,0,25/08/2022," ""Healthcare"" ""Analyst"" "
10,Systems Analyst I (Radiology),Optum,"Letterkenny, County Donegal, Ireland",Entry level,Full-time,Information Technology,Insurance,0,0,1,0,0,0,25/08/2022," ""Healthcare"" ""Analyst"" "
11,Laboratory Analyst,Pinewood Healthcare,"Ballymacarbry, County Waterford, Ireland",Entry level,Full-time,"Research, Analyst, and Information Technology",Pharmaceutical Manufacturing,0,0,0,0,0,0,25/08/2022," ""Healthcare"" ""Analyst"" "
12,QC Analyst Level II,Viatris,"Inverin, County Galway, Ireland",Entry level,Full-time,Quality Assurance,Pharmaceutical Manufacturing,0,0,0,0,0,0,25/08/2022," ""Healthcare"" ""Analyst"" "
13,Analyst Registration Team,BNP Paribas,Ireland,Entry level,Full-time,Business Development and Sales,Credit Intermediation,0,0,0,0,0,0,25/08/2022," ""Healthcare"" ""Analyst"" "
14,Community Operations Analyst-ENGLISH,Covalen,"Dublin City, County Dublin, Ireland",Associate,Full-time,Management and Manufacturing,Outsourcing and Offshoring Consulting,0,0,0,0,0,0,25/08/2022," ""Healthcare"" ""Analyst"" "
15,Supply Chain Analyst,Abbott,"Galway, County Galway, Ireland",Associate,Full-time,Production and Manufacturing,Hospitals and Health Care,0,0,1,0,0,1,25/08/2022," ""Healthcare"" ""Analyst"" "
16,Controls Analyst (Part time),TransferMate Global Payments,"Kilkenny, County Kilkenny, Ireland",Associate,Part-time,Management and Manufacturing,Financial Services,0,0,1,0,0,0,25/08/2022," ""Healthcare"" ""Analyst"" "
17,"Reporting Analyst, Investigator Payments Group",ICON plc,"Dublin City, County Dublin, Ireland",Associate,Full-time,"Research, Analyst, and Information Technology",Pharmaceutical Manufacturing,0,0,1,0,0,0,25/08/2022," ""Healthcare"" ""Analyst"" "
18,Integrated Business Planning Analyst,Grifols,"Dublin, County Dublin, Ireland",Associate,Full-time,Business Development and Sales,Medical Equipment Manufacturing and Pharmaceutical Manufacturing,0,0,1,0,0,0,25/08/2022," ""Healthcare"" ""Analyst"" "
19,Interface Analyst,Optum,"Letterkenny, County Donegal, Ireland",Associate,Full-time,Engineering and Information Technology,Insurance,0,0,1,0,0,0,25/08/2022," ""Healthcare"" ""Analyst"" "
20,QC Analyst Level III,Viatris,"Inverin, County Galway, Ireland",Entry level,Full-time,Quality Assurance,Pharmaceutical Manufacturing,0,0,0,0,0,0,25/08/2022," ""Healthcare"" ""Analyst"" "
21,Quality Analyst,Haleon,"Dungarvan, County Waterford, Ireland",Associate,Full-time,Quality Assurance,Consumer Services,0,0,0,0,0,0,25/08/2022," ""Healthcare"" ""Analyst"" "
22,"Medical Information Analyst, Spanish & Italian",Eli Lilly and Company,"Cork, County Cork, Ireland",Entry level,Full-time,Health Care Provider,Pharmaceutical Manufacturing,0,0,1,0,0,0,25/08/2022," ""Healthcare"" ""Analyst"" "
23,Actuarial Analyst – Contract Position,BNP Paribas,"Dublin, County Dublin, Ireland",Associate,Full-time,Finance and Sales,Credit Intermediation,0,1,1,1,0,0,25/08/2022," ""Healthcare"" ""Analyst"" "
24,Supply Chain Analyst,Abbott,"Longford, County Longford, Ireland",Associate,Full-time,Production and Manufacturing,Hospitals and Health Care,1,0,1,0,0,1,25/08/2022," ""Healthcare"" ""Analyst"" "
25,Supply Chain Analyst,Abbott,"Longford, County Longford, Ireland",Associate,Full-time,Production and Manufacturing,Hospitals and Health Care,1,0,1,0,0,1,25/08/2022," ""Healthcare"" ""Analyst"" "
26,Quality Control Analyst - Dublin Respiratory,Viatris,"Baldoyle, County Dublin, Ireland",Entry level,Full-time,Quality Assurance,Pharmaceutical Manufacturing,0,0,1,0,0,0,25/08/2022," ""Healthcare"" ""Analyst"" "
27,QC Analyst,Haleon,"Dungarvan, County Waterford, Ireland",Entry level,Full-time,Quality Assurance,Consumer Services,0,0,0,0,0,0,25/08/2022," ""Healthcare"" ""Analyst"" "
28,Italian speaking Collections Analyst,Grifols,"Dublin, County Dublin, Ireland",Entry level,Full-time,Accounting/Auditing and Finance,Medical Equipment Manufacturing and Pharmaceutical Manufacturing,0,0,1,0,0,0,25/08/2022," ""Healthcare"" ""Analyst"" "
29,Business Analyst,TransferMate Global Payments,"Dublin, County Dublin, Ireland",Associate,Full-time,"Research, Analyst, and Information Technology",Financial Services,1,0,0,0,1,1,25/08/2022," ""Healthcare"" ""Analyst"" "
30,Business Analyst,TransferMate Global Payments,"Dublin, County Dublin, Ireland",Associate,Full-time,Analyst,Financial Services,0,0,1,0,0,0,25/08/2022," ""Healthcare"" ""Analyst"" "
31,Data Quality Analyst,Viatris,"Northern Cross, County Dublin, Ireland",Entry level,Full-time,Information Technology,Pharmaceutical Manufacturing,1,0,0,0,0,0,25/08/2022," ""Healthcare"" ""Analyst"" "
32,Integrated Business Planning Analyst,Grifols,"Dublin, County Dublin, Ireland",Associate,Full-time,Business Development and Sales,Medical Equipment Manufacturing and Pharmaceutical Manufacturing,0,0,1,0,0,0,25/08/2022," ""Healthcare"" ""Analyst"" "
33,Actuarial Analyst – Contract Position,BNP Paribas,"Dublin, County Dublin, Ireland",Associate,Full-time,Finance and Sales,Credit Intermediation,0,1,1,1,0,0,25/08/2022," ""Healthcare"" ""Analyst"" "
34,Interface Analyst,Optum,"Letterkenny, County Donegal, Ireland",Associate,Full-time,Engineering and Information Technology,Insurance,0,0,1,0,0,0,25/08/2022," ""Healthcare"" ""Analyst"" "
35,QA Analyst,Reperio Human Capital,"Dublin, County Dublin, Ireland",Entry level,Full-time,Quality Assurance,Staffing and Recruiting,0,0,0,0,0,0,25/08/2022," ""Healthcare"" ""Analyst"" "
36,Financial Data Analyst,Optum,"Letterkenny, County Donegal, Ireland",Associate,Full-time,Information Technology,Insurance,1,0,1,0,1,0,25/08/2022," ""Healthcare"" ""Analyst"" "
37,Community Operations Analyst-ENGLISH,Covalen,"Dublin City, County Dublin, Ireland",Associate,Full-time,Management and Manufacturing,Outsourcing and Offshoring Consulting,0,0,0,0,0,0,25/08/2022," ""Healthcare"" ""Analyst"" "
38,"Medical Information Analyst, Spanish & Italian",Eli Lilly and Company,"Cork, County Cork, Ireland",Entry level,Full-time,Health Care Provider,Pharmaceutical Manufacturing,0,0,1,0,0,0,25/08/2022," ""Healthcare"" ""Analyst"" "
39,"Reporting Analyst, Investigator Payments Group",ICON plc,"Dublin City, County Dublin, Ireland",Associate,Full-time,"Research, Analyst, and Information Technology",Pharmaceutical Manufacturing,0,0,1,0,0,0,25/08/2022," ""Healthcare"" ""Analyst"" "
40,Business Analyst,First Derivative,"Dublin, County Dublin, Ireland",Associate,Full-time,Consulting,Capital Markets,1,0,1,0,0,0,25/08/2022," ""Healthcare"" ""Analyst"" "
41,QC Analyst,Viatris,"Damastown, County Dublin, Ireland",Entry level,Full-time,Quality Assurance,Pharmaceutical Manufacturing,0,0,1,0,0,0,25/08/2022," ""Healthcare"" ""Analyst"" "
42,Sales Operations Analyst,The Adecco Group,"Dublin, County Dublin, Ireland",Associate,Full-time,"Information Technology, Analyst, and Strategy/Planning","IT Services and IT Consulting, Software Development, and Motor Vehicle Manufacturing",0,0,0,0,0,0,25/08/2022," ""Healthcare"" ""Analyst"" "
43,Business Support Analyst,BNP Paribas,"Dublin, County Dublin, Ireland",Associate,Full-time,Information Technology,Credit Intermediation,0,0,1,0,0,0,25/08/2022," ""Healthcare"" ""Analyst"" "
44,Media Analyst,PublicRelay,"Dublin, County Dublin, Ireland",N/a,Full-time,N/a,N/a,0,0,0,0,0,0,25/08/2022," ""Healthcare"" ""Analyst"" "
45,Data Analyst with Power BI,.IE,"Dún Laoghaire-Rathdown, County Dublin, Ireland",N/a,Full-time,N/a,N/a,1,0,1,0,1,1,25/08/2022," ""Healthcare"" ""Analyst"" "
46,QC Analyst Level III,Viatris,"Inverin, County Galway, Ireland",Entry level,Full-time,Quality Assurance,Pharmaceutical Manufacturing,0,0,0,0,0,0,25/08/2022," ""Healthcare"" ""Analyst"" "
47,Junior Business Analyst,Reperio Human Capital,"Dublin City, County Dublin, Ireland",Entry level,Full-time,"Research, Analyst, and Information Technology",Staffing and Recruiting,0,0,0,0,0,0,25/08/2022," ""Healthcare"" ""Analyst"" "
48,Social Media Content Analyst (Georgian),Covalen,"Dublin City, County Dublin, Ireland",Associate,Full-time,"Marketing, Public Relations, and Writing/Editing",Outsourcing and Offshoring Consulting,0,0,0,0,0,0,25/08/2022," ""Healthcare"" ""Analyst"" "
49,Operations Analyst - Cork,Global Shares,"Cork, County Cork, Ireland",Associate,Full-time,Management and Manufacturing,Financial Services,0,0,1,0,0,0,25/08/2022," ""Healthcare"" ""Analyst"" "
50,Portuguese speaking Collections Analyst,Grifols,"Dublin, County Dublin, Ireland",Entry level,Full-time,Accounting/Auditing and Finance,Medical Equipment Manufacturing and Pharmaceutical Manufacturing,0,0,1,0,0,0,25/08/2022," ""Healthcare"" ""Analyst"" "
51,Data Insights Analyst - Quality and Compliance,ICON plc,"Dublin City, County Dublin, Ireland",Entry level,Contract,"Research, Analyst, and Information Technology",Pharmaceutical Manufacturing,1,0,1,0,0,0,25/08/2022," ""Healthcare"" ""Analyst"" "
52,QC Analyst (Micro) – 6 months agency contract,Viatris,"Baldoyle, County Dublin, Ireland",Entry level,Full-time,Quality Assurance,Pharmaceutical Manufacturing,0,0,0,0,0,0,25/08/2022," ""Healthcare"" ""Analyst"" "
53,Community Operations Analyst-Arabic,Covalen,"Dublin City, County Dublin, Ireland",Associate,Full-time,Management and Manufacturing,Outsourcing and Offshoring Consulting,0,0,0,0,0,0,25/08/2022," ""Healthcare"" ""Analyst"" "
54,Community Operations Analyst - Multilingual,Covalen,"Dublin City, County Dublin, Ireland",Associate,Full-time,Management and Manufacturing,Outsourcing and Offshoring Consulting,0,0,0,0,0,0,25/08/2022," ""Healthcare"" ""Analyst"" "
55,Media Analyst,PublicRelay,"Waterford, County Waterford, Ireland",N/a,Full-time,N/a,N/a,0,0,0,0,0,0,25/08/2022," ""Healthcare"" ""Analyst"" "
56,Senior Business Analyst,TransferMate Global Payments,"Dublin, County Dublin, Ireland",Associate,Full-time,"Research, Analyst, and Information Technology",Financial Services,1,0,0,0,1,1,25/08/2022," ""Healthcare"" ""Analyst"" "
57,Project Planning Analyst,PharmiWeb.Jobs,"Limerick, County Limerick, Ireland",Associate,Full-time,Business Development and Sales,Staffing and Recruiting,0,0,1,0,0,0,25/08/2022," ""Healthcare"" ""Analyst"" "
58,Graduate Security Analyst,Enea AB,"Dublin, County Dublin, Ireland",Associate,Full-time,Information Technology,Computer Networking Products,1,1,0,0,0,0,25/08/2022," ""Healthcare"" ""Analyst"" "
59,Credit & Collection Analyst,West Pharmaceutical Services,"Dublin, County Dublin, Ireland",Entry level,Full-time,Finance,"Medical Equipment Manufacturing, Packaging and Containers Manufacturing, and Pharmaceutical Manufacturing",0,0,0,0,0,0,25/08/2022," ""Healthcare"" ""Analyst"" "
60,Sales Performance Analyst,Morgan McKinley,"Dublin City, County Dublin, Ireland",Associate,Contract,"Research, Analyst, and Information Technology",Staffing and Recruiting,1,0,0,0,0,0,25/08/2022," ""Healthcare"" ""Analyst"" "
61,Media Analyst,PublicRelay,"Waterford, County Waterford, Ireland",N/a,Full-time,N/a,N/a,0,0,0,0,0,0,25/08/2022," ""Healthcare"" ""Analyst"" "
62,Community Operations Analyst - Multilingual,Covalen,"Dublin City, County Dublin, Ireland",Associate,Full-time,Management and Manufacturing,Outsourcing and Offshoring Consulting,0,0,0,0,0,0,25/08/2022," ""Healthcare"" ""Analyst"" "
63,Quality Operations Analyst,"MTM, Inc.","Rhode, County Offaly, Ireland",Associate,Full-time,Management and Manufacturing,Hospitals and Health Care,0,0,1,0,0,0,25/08/2022," ""Healthcare"" ""Analyst"" "
64,Application Support Analyst,Orion Health,"Dublin, County Dublin, Ireland",Associate,Full-time,Information Technology,IT Services and IT Consulting,1,0,0,0,0,0,25/08/2022," ""Healthcare"" ""Analyst"" "
65,Business Analyst,Reperio Human Capital,"Dublin, County Dublin, Ireland",Associate,Full-time,"Research, Analyst, and Information Technology",Staffing and Recruiting,0,0,0,0,0,0,25/08/2022," ""Healthcare"" ""Analyst"" "
66,Finance Analyst,Securitas Ireland,"Dublin, County Dublin, Ireland",Entry level,Full-time,Finance and Sales,Security and Investigations,0,0,1,0,0,0,25/08/2022," ""Healthcare"" ""Analyst"" "
67,Technical Support Analyst,Vitalograph,"Ennis, County Clare, Ireland",Entry level,Full-time,Information Technology,Medical Equipment Manufacturing,0,0,0,0,0,0,25/08/2022," ""Healthcare"" ""Analyst"" "
68,Operational Risk Analyst,Morgan McKinley,"Dublin, County Dublin, Ireland",Associate,Full-time,Finance and Sales,Staffing and Recruiting,0,0,0,0,0,0,25/08/2022," ""Healthcare"" ""Analyst"" "
69,Associate Data Analyst,Oneview Healthcare,"South Dublin, County Dublin, Ireland",Associate,Full-time,Information Technology,IT Services and IT Consulting,1,0,0,0,1,1,25/08/2022," ""Healthcare"" ""Analyst"" "
70,Community Operations Analyst - Multilingual,Covalen,"Dublin City, County Dublin, Ireland",Associate,Full-time,Management and Manufacturing,Outsourcing and Offshoring Consulting,0,0,0,0,0,0,25/08/2022," ""Healthcare"" ""Analyst"" "
71,Senior Financial Analyst,ACCPRO,"County Dublin, Ireland",Associate,Full-time,Accounting/Auditing,Pharmaceutical Manufacturing,0,0,1,0,0,0,25/08/2022," ""Healthcare"" ""Analyst"" "
72,Data Analyst,Reperio Human Capital,"Dublin, County Dublin, Ireland",Entry level,Full-time,Information Technology,Staffing and Recruiting,1,1,0,1,0,0,25/08/2022," ""Healthcare"" ""Analyst"" "
73,Financial Analyst,Boston Scientific,"Cork, County Cork, Ireland",Entry level,Full-time,Finance,Medical Equipment Manufacturing,0,0,0,0,0,0,25/08/2022," ""Healthcare"" ""Analyst"" "
74,Data Analyst,Reperio Human Capital,"Dublin, County Dublin, Ireland",Entry level,Contract,Information Technology,Staffing and Recruiting,1,0,0,0,1,1,25/08/2022," ""Healthcare"" ""Analyst"" "
75,Data Protection Analyst,Cook Medical Europe,"Limerick, County Limerick, Ireland",Entry level,Full-time,Engineering and Information Technology,Medical Equipment Manufacturing,0,0,0,0,0,0,25/08/2022," ""Healthcare"" ""Analyst"" "
76,Project Planning Analyst,ICON plc,"Limerick, County Limerick, Ireland",Associate,Full-time,Business Development and Sales,Pharmaceutical Manufacturing,0,0,1,0,0,0,25/08/2022," ""Healthcare"" ""Analyst"" "
77,Business Analyst,Morgan McKinley,"Shannon, County Clare, Ireland",Associate,Contract,"Research, Analyst, and Information Technology",Staffing and Recruiting,0,0,1,0,0,0,25/08/2022," ""Healthcare"" ""Analyst"" "
78,QC Bioanalytical Analyst – Dublin Respiratory,Viatris,"Baldoyle, County Dublin, Ireland",Entry level,Full-time,Quality Assurance,Pharmaceutical Manufacturing,0,0,0,0,0,0,25/08/2022," ""Healthcare"" ""Analyst"" "
79,Business Analyst,Uniphar Group,"Dublin, County Dublin, Ireland",Associate,Contract,"Research, Analyst, and Information Technology",Pharmaceutical Manufacturing,1,0,1,0,0,0,25/08/2022," ""Healthcare"" ""Analyst"" "
80,Community Operations Analyst (Multilingual),Covalen,"Dublin City, County Dublin, Ireland",Associate,Full-time,Management and Manufacturing,Outsourcing and Offshoring Consulting,0,0,0,0,0,0,25/08/2022," ""Healthcare"" ""Analyst"" "
81,Treasury Analyst,ICON plc,"Dublin City, County Dublin, Ireland",Associate,Full-time,Finance and Sales,Pharmaceutical Manufacturing,0,0,1,0,0,0,25/08/2022," ""Healthcare"" ""Analyst"" "
82,Data Analyst - Remote (to GMT+2) / Dublin,Phorest Salon Software,"Dublin, County Dublin, Ireland",Entry level,Full-time,Information Technology,Software Development,1,0,0,0,0,0,25/08/2022," ""Healthcare"" ""Analyst"" "
83,Quality Systems Analyst,AbbVie,"Westport, County Mayo, Ireland",Associate,Full-time,"Quality Assurance, Strategy/Planning, and Other",Biotechnology Research and Pharmaceutical Manufacturing,0,0,0,0,0,0,25/08/2022," ""Healthcare"" ""Analyst"" "
84,"Systems Analyst, Investigator Payments Group (IPG)",ICON plc,"Dublin City, County Dublin, Ireland",Entry level,Full-time,Information Technology,Pharmaceutical Manufacturing,0,0,0,0,0,0,25/08/2022," ""Healthcare"" ""Analyst"" "
85,"Analyst / Sr. Analyst, Customer Meeting Services (CMS) – Iberian Hub – Spain",Eli Lilly and Company,"Cork, County Cork, Ireland",Associate,Full-time,Other,Pharmaceutical Manufacturing,0,0,1,0,0,0,25/08/2022," ""Healthcare"" ""Analyst"" "
86,Business Analyst,Reperio Human Capital,"Dublin, County Dublin, Ireland",Associate,Full-time,"Research, Analyst, and Information Technology",Staffing and Recruiting,0,0,0,0,0,0,25/08/2022," ""Healthcare"" ""Analyst"" "
87,Community Operations Analyst - Lativian Speaker,Covalen,"Dublin City, County Dublin, Ireland",Associate,Full-time,Management and Manufacturing,Outsourcing and Offshoring Consulting,0,0,0,0,0,0,25/08/2022," ""Healthcare"" ""Analyst"" "
88,Data Analyst,Irish Life,"Dublin City, County Dublin, Ireland",Associate,Full-time,Finance and Information Technology,Insurance and Financial Services,1,1,0,1,1,0,25/08/2022," ""Healthcare"" ""Analyst"" "
89,Data Analyst,Reperio Human Capital,"Dublin, County Dublin, Ireland",Entry level,Full-time,Information Technology,Staffing and Recruiting,1,1,0,0,0,0,25/08/2022," ""Healthcare"" ""Analyst"" "
90,Billing Operations Analyst,Three Ireland,"Dublin City, County Dublin, Ireland",Associate,Full-time,Finance and Analyst,Telecommunications,1,0,0,0,0,0,25/08/2022," ""Healthcare"" ""Analyst"" "
91,Community Operations Analyst (Multilingual),Covalen,"Dublin City, County Dublin, Ireland",Associate,Full-time,Management and Manufacturing,Outsourcing and Offshoring Consulting,0,0,0,0,0,0,25/08/2022," ""Healthcare"" ""Analyst"" "
92,Community Operations Analyst (Multilingual),Covalen,"Dublin City, County Dublin, Ireland",Associate,Full-time,Management and Manufacturing,Outsourcing and Offshoring Consulting,0,0,0,0,0,0,25/08/2022," ""Healthcare"" ""Analyst"" "
93,Community Operations Analyst (Multilingual),Covalen,"Dublin City, County Dublin, Ireland",Associate,Full-time,Management and Manufacturing,Outsourcing and Offshoring Consulting,0,0,0,0,0,0,25/08/2022," ""Healthcare"" ""Analyst"" "
94,Community Operations Analyst - Ukranian Speaker,Covalen,"Dublin City, County Dublin, Ireland",Associate,Full-time,Management and Manufacturing,Outsourcing and Offshoring Consulting,0,0,0,0,0,0,25/08/2022," ""Healthcare"" ""Analyst"" "
95,Sales Business Analyst - Ireland,Global Shares,"Cork, County Cork, Ireland",Associate,Full-time,Business Development and Sales,Financial Services,0,0,1,0,0,0,25/08/2022," ""Healthcare"" ""Analyst"" "
96,Data Analyst,Reperio Human Capital,"Dublin, County Dublin, Ireland",Entry level,Contract,Information Technology,Staffing and Recruiting,1,0,1,0,1,1,25/08/2022," ""Healthcare"" ""Analyst"" "
97,Web Analyst,GemPool Recruitment,Ireland,Entry level,Full-time,"Research, Analyst, and Information Technology",IT Services and IT Consulting,1,0,0,0,0,0,25/08/2022," ""Healthcare"" ""Analyst"" "
98,Technical Analyst (Lv1/Lv2),Cpl,"Dublin City, County Dublin, Ireland",Entry level,Contract,Information Technology,Staffing and Recruiting,0,0,0,0,0,0,25/08/2022," ""Healthcare"" ""Analyst"" "
99,Senior Molecular Scientist (Software Analyst),BD,"Limerick, County Limerick, Ireland",Associate,Full-time,Engineering and Information Technology,Medical Equipment Manufacturing,0,0,0,0,0,0,25/08/2022," ""Healthcare"" ""Analyst"" "
100,Community Operations Analyst (Multilingual),Covalen,"Dublin City, County Dublin, Ireland",Associate,Full-time,Management and Manufacturing,Outsourcing and Offshoring Consulting,0,0,0,0,0,0,25/08/2022," ""Healthcare"" ""Analyst"" "
101,Technical Support Analyst,Realtime Recruitment,"Dublin City, County Dublin, Ireland",Entry level,Full-time,Information Technology,Staffing and Recruiting,0,0,0,0,0,0,25/08/2022," ""Healthcare"" ""Analyst"" "
102,Community Operations Analyst (Multilingual),Covalen,"Dublin City, County Dublin, Ireland",Associate,Full-time,Management and Manufacturing,Outsourcing and Offshoring Consulting,0,0,0,0,0,0,25/08/2022," ""Healthcare"" ""Analyst"" "
103,Technical Support Specialist,IT Search and Selection,"Dublin, County Dublin, Ireland",Associate,Contract,Analyst and Manufacturing,Medical Equipment Manufacturing and Pharmaceutical Manufacturing,0,0,0,0,0,0,25/08/2022," ""Healthcare"" ""Analyst"" "
104,Product Analyst- Ireland/UK,Global Shares,"Cork, County Cork, Ireland",Associate,Full-time,"Research, Analyst, and Information Technology",Financial Services,0,0,1,0,0,0,25/08/2022," ""Healthcare"" ""Analyst"" "
105,Data Analyst,Reperio Human Capital,"Limerick, County Limerick, Ireland",Entry level,Contract,Information Technology,Staffing and Recruiting,1,1,0,0,1,0,25/08/2022," ""Healthcare"" ""Analyst"" "
106,Implementations Analyst - Cork,Global Shares,"Cork, County Cork, Ireland",Associate,Full-time,Information Technology,Financial Services,0,0,1,0,0,0,25/08/2022," ""Healthcare"" ""Analyst"" "
107,Community Operations Analyst (Multilingual),Covalen,"Dublin City, County Dublin, Ireland",Associate,Full-time,Management and Manufacturing,Outsourcing and Offshoring Consulting,0,0,0,0,0,0,25/08/2022," ""Healthcare"" ""Analyst"" "
108,Community Operations Analyst (Multilingual),Covalen,"Dublin City, County Dublin, Ireland",Associate,Full-time,Management and Manufacturing,Outsourcing and Offshoring Consulting,0,0,0,0,0,0,25/08/2022," ""Healthcare"" ""Analyst"" "
109,Technical Support Analyst - Ireland,FreedomPay,"Dublin, County Dublin, Ireland",Entry level,Full-time,Information Technology,IT Services and IT Consulting,0,0,0,0,0,0,25/08/2022," ""Healthcare"" ""Analyst"" "
110,Community Operations Analyst - Persian Speaker,Covalen,"Dublin City, County Dublin, Ireland",Associate,Full-time,Management and Manufacturing,Outsourcing and Offshoring Consulting,0,0,0,0,0,0,25/08/2022," ""Healthcare"" ""Analyst"" "
111,Community Operations Analyst (Multilingual),Covalen,"Dublin City, County Dublin, Ireland",Associate,Full-time,Management and Manufacturing,Outsourcing and Offshoring Consulting,0,0,0,0,0,0,25/08/2022," ""Healthcare"" ""Analyst"" "
112,Community Operations Analyst - European Languages,Covalen,"Dublin City, County Dublin, Ireland",Associate,Full-time,Management and Manufacturing,Outsourcing and Offshoring Consulting,0,0,0,0,0,0,25/08/2022," ""Healthcare"" ""Analyst"" "
113,Business Analyst,Reperio Human Capital,"Dublin, County Dublin, Ireland",Associate,Full-time,"Research, Analyst, and Information Technology",Staffing and Recruiting,1,0,0,0,0,0,25/08/2022," ""Healthcare"" ""Analyst"" "
114,Community Operations Analyst - European Languages,Covalen,"Dublin City, County Dublin, Ireland",Associate,Full-time,Management and Manufacturing,Outsourcing and Offshoring Consulting,0,0,0,0,0,0,25/08/2022," ""Healthcare"" ""Analyst"" "
115,IT Support Analyst,Morgan McKinley,"Waterford, County Waterford, Ireland",Entry level,Full-time,Information Technology,Staffing and Recruiting,0,0,0,0,0,0,25/08/2022," ""Healthcare"" ""Analyst"" "
116,Corporate Development and Investor Relations Analyst,Uniphar Group,"Citywest, County Dublin, Ireland",Associate,Full-time,Business Development and Sales,Pharmaceutical Manufacturing,0,0,0,0,0,0,25/08/2022," ""Healthcare"" ""Analyst"" "
117,GRC Analyst,Cpl,"Dublin City, County Dublin, Ireland",Entry level,Full-time,Business Development and Sales,Staffing and Recruiting,0,0,0,0,0,0,25/08/2022," ""Healthcare"" ""Analyst"" "
118,Data & Process Analyst,Viatris,"Northern Cross, County Dublin, Ireland",Associate,Full-time,Management and Manufacturing,Pharmaceutical Manufacturing,1,1,1,0,0,0,25/08/2022," ""Healthcare"" ""Analyst"" "
119,Laboratory Systems Analyst,Viatris,"Inverin, County Galway, Ireland",Entry level,Full-time,Information Technology,Pharmaceutical Manufacturing,0,0,0,0,0,0,25/08/2022," ""Healthcare"" ""Analyst"" "
120,Corporate Development and Investor Relations Analyst,Uniphar Group,"Dublin, County Dublin, Ireland",Associate,Full-time,Business Development and Sales,Pharmaceutical Manufacturing,0,0,0,0,0,0,25/08/2022," ""Healthcare"" ""Analyst"" "
121,Business Analysis Consultant,Optum,"Dublin, County Dublin, Ireland",Associate,Full-time,Information Technology,Insurance,0,0,1,0,0,0,25/08/2022," ""Healthcare"" ""Analyst"" "
122,"Senior Analyst / Manager - Travel, Europe",Eli Lilly and Company,"Cork, County Cork, Ireland",Associate,Full-time,Business Development and Sales,Pharmaceutical Manufacturing,0,0,0,0,0,0,25/08/2022," ""Healthcare"" ""Analyst"" "
123,Senior Fund Analyst,Oliver James,"Dublin, County Dublin, Ireland",Associate,Full-time,Finance,Financial Services,0,0,1,0,0,0,25/08/2022," ""Healthcare"" ""Analyst"" "
124,IT Systems Analyst,PharmEng Technology,"Cork, County Cork, Ireland",Associate,Full-time,Information Technology,Pharmaceutical Manufacturing,0,0,0,0,0,0,25/08/2022," ""Healthcare"" ""Analyst"" "
125,Business Analyst - Excellent Stakeholder communication,Morgan McKinley,"Dublin, County Dublin, Ireland",Associate,Contract,"Research, Analyst, and Information Technology",Staffing and Recruiting,0,0,0,0,0,0,25/08/2022," ""Healthcare"" ""Analyst"" "
126,2022- 100 Business Intelligence Specialist,Jigsaw - The National Centre for Youth Mental Health,"Dublin, County Dublin, Ireland",Entry level,Contract,Research,Mental Health Care,1,0,1,0,0,1,25/08/2022," ""Healthcare"" ""Analyst"" "
127,Analyst / Sr. Analyst - IT Business Analyst,Eli Lilly and Company,"Cork, County Cork, Ireland",Associate,Full-time,Information Technology,Pharmaceutical Manufacturing,0,0,1,0,0,0,25/08/2022," ""Healthcare"" ""Analyst"" "
128,Principal Data Analyst - Hybrid,Optum,"Dublin, County Dublin, Ireland",Associate,Full-time,Information Technology,Insurance,1,1,1,0,1,0,25/08/2022," ""Healthcare"" ""Analyst"" "
129,Social Media Content Review wit Hindi,Covalen,"Dublin City, County Dublin, Ireland",Entry level,Full-time,Marketing and Sales,Outsourcing and Offshoring Consulting,0,0,0,0,0,0,25/08/2022," ""Healthcare"" ""Analyst"" "
130,Supply Chain Master Data Analyst,Viatris,"Northern Cross, County Dublin, Ireland",Associate,Full-time,Information Technology,Pharmaceutical Manufacturing,1,0,1,0,0,0,25/08/2022," ""Healthcare"" ""Analyst"" "
131,Community Operations Analyst ( Multilingual),Covalen,"Dublin City, County Dublin, Ireland",Associate,Full-time,Management and Manufacturing,Outsourcing and Offshoring Consulting,0,0,0,0,0,0,25/08/2022," ""Healthcare"" ""Analyst"" "
132,Community Operations Analyst - Maltese - Evening,Covalen,"Dublin City, County Dublin, Ireland",Associate,Contract,Management and Manufacturing,Outsourcing and Offshoring Consulting,0,0,0,0,0,0,25/08/2022," ""Healthcare"" ""Analyst"" "
133,Community Operations Analyst - European Languages,Covalen,"Dublin City, County Dublin, Ireland",Associate,Full-time,Management and Manufacturing,Outsourcing and Offshoring Consulting,0,0,0,0,0,0,25/08/2022," ""Healthcare"" ""Analyst"" "
134,"Cork, Ireland | Business Data Technician - A Data analyst position",RWS Group,"Cork, County Cork, Ireland",Entry level,Full-time,Analyst and Information Technology,Translation and Localization,0,0,0,0,0,0,25/08/2022," ""Healthcare"" ""Analyst"" "
135,Medical Information Analyst French,Eli Lilly and Company,"Cork, County Cork, Ireland",Entry level,Full-time,Health Care Provider,Pharmaceutical Manufacturing,0,0,1,0,0,0,25/08/2022," ""Healthcare"" ""Analyst"" "
136,French speaking Collections Analyst,Grifols,"Dublin, County Dublin, Ireland",Entry level,Full-time,Accounting/Auditing and Finance,Medical Equipment Manufacturing and Pharmaceutical Manufacturing,0,0,1,0,0,0,25/08/2022," ""Healthcare"" ""Analyst"" "
137,Community Operations Analyst-UKRAINIAN,Covalen,"Dublin City, County Dublin, Ireland",Associate,Full-time,Management and Manufacturing,Outsourcing and Offshoring Consulting,0,0,0,0,0,0,25/08/2022," ""Healthcare"" ""Analyst"" "
138,Talent Sourcing Analyst,Eli Lilly and Company,"Cork, County Cork, Ireland",Associate,Full-time,Purchasing and Supply Chain,Pharmaceutical Manufacturing,0,0,0,0,0,0,25/08/2022," ""Healthcare"" ""Analyst"" "
139,Graduate Security Analyst - Spanish speaker,Enea AB,"Dublin, County Dublin, Ireland",Associate,Full-time,Information Technology,Computer Networking Products,1,1,0,0,0,0,25/08/2022," ""Healthcare"" ""Analyst"" "
140,Polish speaking Collections Analyst,Grifols,"Dublin, County Dublin, Ireland",Entry level,Full-time,Accounting/Auditing and Finance,Medical Equipment Manufacturing and Pharmaceutical Manufacturing,0,0,1,0,0,0,25/08/2022," ""Healthcare"" ""Analyst"" "
141,Community Operations Analyst-KURDISH,Covalen,"Dublin City, County Dublin, Ireland",Associate,Full-time,Management and Manufacturing,Outsourcing and Offshoring Consulting,0,0,0,0,0,0,25/08/2022," ""Healthcare"" ""Analyst"" "
142,Project Manager / Business Analyst,Reperio Human Capital,"Dublin, County Dublin, Ireland",Entry level,Full-time,Project Management and Information Technology,Staffing and Recruiting,0,0,0,0,0,0,25/08/2022," ""Healthcare"" ""Analyst"" "
143,Social Media Content Analyst (Multilingual),Covalen,"Dublin City, County Dublin, Ireland",Associate,Full-time,"Marketing, Public Relations, and Writing/Editing",Outsourcing and Offshoring Consulting,0,0,0,0,0,0,25/08/2022," ""Healthcare"" ""Analyst"" "
144,Social Media Content Analyst (Ukrainian),Covalen,"Dublin City, County Dublin, Ireland",Associate,Full-time,"Marketing, Public Relations, and Writing/Editing",Outsourcing and Offshoring Consulting,0,0,0,0,0,0,25/08/2022," ""Healthcare"" ""Analyst"" "
145,Business Systems Analyst,Reperio Human Capital,"Cork, County Cork, Ireland",Associate,Contract,Information Technology,Staffing and Recruiting,0,0,0,0,0,0,25/08/2022," ""Healthcare"" ""Analyst"" "
146,Tax Analyst,Eli Lilly and Company,"Kinsale, County Cork, Ireland",Entry level,Full-time,Accounting/Auditing and Finance,Pharmaceutical Manufacturing,0,0,1,0,0,0,25/08/2022," ""Healthcare"" ""Analyst"" "
147,Salesforce Business Analyst,Mason Frank International,"Dublin, County Dublin, Ireland",Associate,Full-time,Business Development and Sales,Staffing and Recruiting,0,0,0,0,0,0,25/08/2022," ""Healthcare"" ""Analyst"" "
148,Service Desk Analyst - Jnr x2 - Hybrid,Realtime Recruitment,Ireland,Entry level,Full-time,Information Technology,Staffing and Recruiting,0,0,0,0,0,0,25/08/2022," ""Healthcare"" ""Analyst"" "
149,IT Support Analyst,Morgan McKinley,"Waterford, County Waterford, Ireland",Entry level,Full-time,Information Technology,Staffing and Recruiting,0,0,0,0,0,0,25/08/2022," ""Healthcare"" ""Analyst"" "
150,Community Operations Analyst - Romanian Speaker,Covalen,"Dublin City, County Dublin, Ireland",Associate,Full-time,Management and Manufacturing,Outsourcing and Offshoring Consulting,0,0,0,0,0,0,25/08/2022," ""Healthcare"" ""Analyst"" "
151,Community Operations Analyst-FRENCH,Covalen,"Dublin City, County Dublin, Ireland",Associate,Full-time,Management and Manufacturing,Outsourcing and Offshoring Consulting,0,0,0,0,0,0,25/08/2022," ""Healthcare"" ""Analyst"" "
152,O2C Analyst - SCM,Eli Lilly and Company,"Cork, County Cork, Ireland",Entry level,Full-time,Management and Manufacturing,Pharmaceutical Manufacturing,0,0,0,0,0,0,25/08/2022," ""Healthcare"" ""Analyst"" "
153,CMS Capabilities Analyst,Eli Lilly and Company,"Cork, County Cork, Ireland",Entry level,Full-time,Business Development and Sales,Pharmaceutical Manufacturing,0,0,0,0,0,0,25/08/2022," ""Healthcare"" ""Analyst"" "
154,Community Operations Analyst-FRENCH,Covalen,"Dublin City, County Dublin, Ireland",Associate,Full-time,Management and Manufacturing,Outsourcing and Offshoring Consulting,0,0,0,0,0,0,25/08/2022," ""Healthcare"" ""Analyst"" "
155,Community Operations Analyst-FRENCH,Covalen,"Dublin City, County Dublin, Ireland",Associate,Full-time,Management and Manufacturing,Outsourcing and Offshoring Consulting,0,0,0,0,0,0,25/08/2022," ""Healthcare"" ""Analyst"" "
156,Community Operations Analyst-FRENCH,Covalen,"Dublin City, County Dublin, Ireland",Associate,Full-time,Management and Manufacturing,Outsourcing and Offshoring Consulting,0,0,0,0,0,0,25/08/2022," ""Healthcare"" ""Analyst"" "
157,Community Operations Analyst-FRENCH,Covalen,"Dublin City, County Dublin, Ireland",Associate,Full-time,Management and Manufacturing,Outsourcing and Offshoring Consulting,0,0,0,0,0,0,25/08/2022," ""Healthcare"" ""Analyst"" "
158,Community Operations Analyst-FRENCH,Covalen,"Dublin City, County Dublin, Ireland",Associate,Full-time,Management and Manufacturing,Outsourcing and Offshoring Consulting,0,0,0,0,0,0,25/08/2022," ""Healthcare"" ""Analyst"" "
159,Content Review - Romanian Market,Covalen,"Dublin City, County Dublin, Ireland",Entry level,Contract,"Marketing, Public Relations, and Writing/Editing",Outsourcing and Offshoring Consulting,0,0,0,0,0,0,25/08/2022," ""Healthcare"" ""Analyst"" "
160,Senior Data Analyst,Reperio Human Capital,"Dublin, County Dublin, Ireland",Associate,Contract,Information Technology,Staffing and Recruiting,1,0,0,0,1,1,25/08/2022," ""Healthcare"" ""Analyst"" "
161,Senior Business Intelligence Commercial Analyst,Reperio Human Capital,"Dublin, County Dublin, Ireland",Associate,Full-time,"Research, Analyst, and Information Technology",Staffing and Recruiting,1,0,0,1,0,0,25/08/2022," ""Healthcare"" ""Analyst"" "
162,Business Intelligence Developer - Operational Insights,ICON Strategic Solutions,Ireland,Associate,Full-time,"Management, Project Management, and Science",Biotechnology Research and Pharmaceutical Manufacturing,0,0,0,0,1,0,25/08/2022," ""Healthcare"" ""Analyst"" "
163,Community Operations Analyst-FRENCH,Covalen,"Dublin City, County Dublin, Ireland",Associate,Full-time,Management and Manufacturing,Outsourcing and Offshoring Consulting,0,0,0,0,0,0,25/08/2022," ""Healthcare"" ""Analyst"" "
164,Community Operations Analyst-FRENCH,Covalen,"Dublin City, County Dublin, Ireland",Associate,Full-time,Management and Manufacturing,Outsourcing and Offshoring Consulting,0,0,0,0,0,0,25/08/2022," ""Healthcare"" ""Analyst"" "
165,Senior Supply Chain Analyst,Viatris,"Northern Cross, County Dublin, Ireland",Associate,Full-time,Management and Manufacturing,Pharmaceutical Manufacturing,0,0,0,0,0,0,25/08/2022," ""Healthcare"" ""Analyst"" "
166,Community Operations Analyst-Estonian,Covalen,"Dublin City, County Dublin, Ireland",Associate,Full-time,Management and Manufacturing,Outsourcing and Offshoring Consulting,0,0,0,0,0,0,25/08/2022," ""Healthcare"" ""Analyst"" "
167,Community Operations Specialist (Maghreb),Covalen,"Dublin City, County Dublin, Ireland",Entry level,Full-time,Other,Outsourcing and Offshoring Consulting,0,0,0,0,0,0,25/08/2022," ""Healthcare"" ""Analyst"" "
168,Community Operations Analyst - Pashto Speaker,Covalen,"Dublin City, County Dublin, Ireland",Associate,Full-time,Management and Manufacturing,Outsourcing and Offshoring Consulting,0,0,0,0,0,0,25/08/2022," ""Healthcare"" ""Analyst"" "
169,"QC Microbiology Executive, Cell Therapy Facility - Grange Castle",Takeda,"Dublin, County Dublin, Ireland",Associate,Full-time,Quality Assurance,Pharmaceutical Manufacturing,0,0,0,0,0,0,25/08/2022," ""Healthcare"" ""Analyst"" "
170,Community Operations Analyst - Burmese speaker,Covalen,"Dublin City, County Dublin, Ireland",Associate,Contract,Management and Manufacturing,Outsourcing and Offshoring Consulting,0,0,0,0,0,0,25/08/2022," ""Healthcare"" ""Analyst"" "
171,"Senior Analyst, IT Client Support - EMEA",Cardinal Health,"Dublin, County Dublin, Ireland",Entry level,Full-time,Information Technology,"Medical Equipment Manufacturing, Transportation, Logistics, Supply Chain and Storage, and Hospitals and Health Care",0,0,0,0,0,0,25/08/2022," ""Healthcare"" ""Analyst"" "
172,Community Operations Analyst ESTONIAN,Covalen,"Dublin City, County Dublin, Ireland",Associate,Contract,Management and Manufacturing,Outsourcing and Offshoring Consulting,0,0,0,0,0,0,25/08/2022," ""Healthcare"" ""Analyst"" "
173,Community Operations Analyst-FRENCH,Covalen,"Dublin City, County Dublin, Ireland",Associate,Full-time,Management and Manufacturing,Outsourcing and Offshoring Consulting,0,0,0,0,0,0,25/08/2022," ""Healthcare"" ""Analyst"" "
174,Community Operations Analyst-FRENCH,Covalen,"Dublin City, County Dublin, Ireland",Associate,Full-time,Management and Manufacturing,Outsourcing and Offshoring Consulting,0,0,0,0,0,0,25/08/2022," ""Healthcare"" ""Analyst"" "
175,Community Operations Analyst-FRENCH,Covalen,"Dublin City, County Dublin, Ireland",Associate,Full-time,Management and Manufacturing,Outsourcing and Offshoring Consulting,0,0,0,0,0,0,25/08/2022," ""Healthcare"" ""Analyst"" "
176,Community Operations Analyst-FRENCH,Covalen,"Dublin City, County Dublin, Ireland",Associate,Full-time,Management and Manufacturing,Outsourcing and Offshoring Consulting,0,0,0,0,0,0,25/08/2022," ""Healthcare"" ""Analyst"" "
177,Community Operations Analyst-FRENCH,Covalen,"Dublin City, County Dublin, Ireland",Associate,Full-time,Management and Manufacturing,Outsourcing and Offshoring Consulting,0,0,0,0,0,0,25/08/2022," ""Healthcare"" ""Analyst"" "
178,"Associate/ Snr. Associate, Customer Meeting Services",Eli Lilly and Company,"Cork, County Cork, Ireland",Associate,Full-time,Other,Pharmaceutical Manufacturing,0,0,1,0,0,0,25/08/2022," ""Healthcare"" ""Analyst"" "
179,Community Operations Analyst-FRENCH,Covalen,"Dublin City, County Dublin, Ireland",Associate,Full-time,Management and Manufacturing,Outsourcing and Offshoring Consulting,0,0,0,0,0,0,25/08/2022," ""Healthcare"" ""Analyst"" "
180,Sr Manufacturing Analyst (Global Engineering),AbbVie,"Westport, County Mayo, Ireland",Associate,Full-time,"Production, Supply Chain, and Manufacturing",Biotechnology Research and Pharmaceutical Manufacturing,0,0,1,0,0,0,25/08/2022," ""Healthcare"" ""Analyst"" "
181,Community Operations Analyst-FRENCH,Covalen,"Dublin City, County Dublin, Ireland",Associate,Full-time,Management and Manufacturing,Outsourcing and Offshoring Consulting,0,0,0,0,0,0,25/08/2022," ""Healthcare"" ""Analyst"" "
182,Community Operations Analyst - French - Evening,Covalen,"Dublin City, County Dublin, Ireland",Associate,Contract,Management and Manufacturing,Outsourcing and Offshoring Consulting,0,0,0,0,0,0,25/08/2022," ""Healthcare"" ""Analyst"" "
183,Community Operations Analyst-FRENCH,Covalen,"Dublin City, County Dublin, Ireland",Associate,Full-time,Management and Manufacturing,Outsourcing and Offshoring Consulting,0,0,0,0,0,0,25/08/2022," ""Healthcare"" ""Analyst"" "
184,Community Operations Analyst-FRENCH,Covalen,"Dublin City, County Dublin, Ireland",Associate,Full-time,Management and Manufacturing,Outsourcing and Offshoring Consulting,0,0,0,0,0,0,25/08/2022," ""Healthcare"" ""Analyst"" "
185,Community Operations Analyst-FRENCH,Covalen,"Dublin City, County Dublin, Ireland",Associate,Full-time,Management and Manufacturing,Outsourcing and Offshoring Consulting,0,0,0,0,0,0,25/08/2022," ""Healthcare"" ""Analyst"" "
186,Social Media Content Review with Persian,Covalen,"Dublin City, County Dublin, Ireland",Entry level,Contract,Marketing and Sales,Outsourcing and Offshoring Consulting,0,0,0,0,0,0,25/08/2022," ""Healthcare"" ""Analyst"" "
187,Supply Network Senior Systems Analyst,Johnson & Johnson,"Cork, County Cork, Ireland",Associate,Full-time,"Strategy/Planning, Supply Chain, and Analyst",Medical Equipment Manufacturing and Pharmaceutical Manufacturing,0,0,1,0,0,1,25/08/2022," ""Healthcare"" ""Analyst"" "
188,"Community Operations Analyst (HEBREW, FRENCH+ARABIC)",Covalen,"Dublin City, County Dublin, Ireland",Associate,Full-time,Management and Manufacturing,Outsourcing and Offshoring Consulting,0,0,0,0,0,0,25/08/2022," ""Healthcare"" ""Analyst"" "
189,Community Operations Analyst-FRENCH,Covalen,"Dublin City, County Dublin, Ireland",Associate,Full-time,Management and Manufacturing,Outsourcing and Offshoring Consulting,0,0,0,0,0,0,25/08/2022," ""Healthcare"" ""Analyst"" "
190,Community Operations Analyst-FRENCH,Covalen,"Dublin City, County Dublin, Ireland",Associate,Full-time,Management and Manufacturing,Outsourcing and Offshoring Consulting,0,0,0,0,0,0,25/08/2022," ""Healthcare"" ""Analyst"" "
191,Community Operations Analyst-FRENCH,Covalen,"Dublin City, County Dublin, Ireland",Associate,Full-time,Management and Manufacturing,Outsourcing and Offshoring Consulting,0,0,0,0,0,0,25/08/2022," ""Healthcare"" ""Analyst"" "
192,"Community Operations Analyst (HEBREW, FRENCH+ARABIC)",Covalen,"Dublin City, County Dublin, Ireland",Associate,Full-time,Management and Manufacturing,Outsourcing and Offshoring Consulting,0,0,0,0,0,0,25/08/2022," ""Healthcare"" ""Analyst"" "
193,Social Media Content Review with Kurdish,Covalen,"Dublin City, County Dublin, Ireland",Entry level,Contract,Marketing and Sales,Outsourcing and Offshoring Consulting,0,0,0,0,0,0,25/08/2022," ""Healthcare"" ""Analyst"" "
194,Technical Business Analyst - API Integration- Dublin - Perm,Ergo,"Dublin, County Dublin, Ireland",Associate,Full-time,"Analyst, Engineering, and Information Technology",IT Services and IT Consulting and Software Development,0,0,0,0,0,0,25/08/2022," ""Healthcare"" ""Analyst"" "
195,Social Media Content Review with Kurdish,Covalen,"Dublin City, County Dublin, Ireland",Entry level,Contract,Marketing and Sales,Outsourcing and Offshoring Consulting,0,0,0,0,0,0,25/08/2022," ""Healthcare"" ""Analyst"" "
196,Community Operations Analyst-FRENCH,Covalen,"Dublin City, County Dublin, Ireland",Associate,Full-time,Management and Manufacturing,Outsourcing and Offshoring Consulting,0,0,0,0,0,0,25/08/2022," ""Healthcare"" ""Analyst"" "
197,Senior Analyst / Manager – BPKC – Order to Cash,Eli Lilly and Company,"Cork, County Cork, Ireland",Associate,Full-time,Business Development and Sales,Pharmaceutical Manufacturing,0,0,0,0,0,0,25/08/2022," ""Healthcare"" ""Analyst"" "
198,Community Operations Analyst - Danish - Evening,Covalen,"Dublin City, County Dublin, Ireland",Associate,Contract,Management and Manufacturing,Outsourcing and Offshoring Consulting,0,0,0,0,0,0,25/08/2022," ""Healthcare"" ""Analyst"" "
199,Community Operations Analyst-FRENCH,Covalen,"Dublin City, County Dublin, Ireland",Associate,Full-time,Management and Manufacturing,Outsourcing and Offshoring Consulting,0,0,0,0,0,0,25/08/2022," ""Healthcare"" ""Analyst"" "
200,Social Media Content Analyst (French),Covalen,"Dublin City, County Dublin, Ireland",Associate,Full-time,"Marketing, Public Relations, and Writing/Editing",Outsourcing and Offshoring Consulting,0,0,0,0,0,0,25/08/2022," ""Healthcare"" ""Analyst"" "
201,Community Operations Analyst (UKRAINIAN/ ESTONIAN),Covalen,"Dublin City, County Dublin, Ireland",Associate,Full-time,Management and Manufacturing,Outsourcing and Offshoring Consulting,0,0,0,0,0,0,25/08/2022," ""Healthcare"" ""Analyst"" "
202,SAP Analyst for Warehouse Management,Uniphar Group,"Citywest Business Campus, County Dublin, Ireland",Associate,Full-time,Information Technology,Pharmaceutical Manufacturing,0,0,0,0,0,0,25/08/2022," ""Healthcare"" ""Analyst"" "
203,Community Operations Analyst-FRENCH,Covalen,"Dublin City, County Dublin, Ireland",Associate,Full-time,Management and Manufacturing,Outsourcing and Offshoring Consulting,0,0,0,0,0,0,25/08/2022," ""Healthcare"" ""Analyst"" "
204,Czech speaking Collections Analyst,Grifols,"Dublin, County Dublin, Ireland",Entry level,Full-time,Accounting/Auditing and Finance,Medical Equipment Manufacturing and Pharmaceutical Manufacturing,0,0,1,0,0,0,25/08/2022," ""Healthcare"" ""Analyst"" "
205,Community Operations Analyst-FRENCH,Covalen,"Dublin City, County Dublin, Ireland",Associate,Full-time,Management and Manufacturing,Outsourcing and Offshoring Consulting,0,0,0,0,0,0,25/08/2022," ""Healthcare"" ""Analyst"" "
206,Pricing Product Marketing Manager,Fenergo,"Dublin, County Dublin, Ireland",Entry level,Full-time,Marketing,Financial Services,0,0,0,0,0,0,25/08/2022," ""Healthcare"" ""Analyst"" "
207,Community Operations Analyst (UKRAINIAN/ ESTONIAN),Covalen,"Dublin City, County Dublin, Ireland",Associate,Full-time,Management and Manufacturing,Outsourcing and Offshoring Consulting,0,0,0,0,0,0,25/08/2022," ""Healthcare"" ""Analyst"" "
208,Community Operations Analyst-FRENCH,Covalen,"Dublin City, County Dublin, Ireland",Associate,Full-time,Management and Manufacturing,Outsourcing and Offshoring Consulting,0,0,0,0,0,0,25/08/2022," ""Healthcare"" ""Analyst"" "
209,Community Operations Analyst - French - Day,Covalen,"Dublin City, County Dublin, Ireland",Associate,Contract,Management and Manufacturing,Outsourcing and Offshoring Consulting,0,0,0,0,0,0,25/08/2022," ""Healthcare"" ""Analyst"" "
210,Analyst - P2P,Eli Lilly and Company,"Cork, County Cork, Ireland",Entry level,Full-time,Business Development and Sales,Pharmaceutical Manufacturing,0,0,0,0,0,0,25/08/2022," ""Healthcare"" ""Analyst"" "
211,Community Operations Analyst-FRENCH,Covalen,"Dublin City, County Dublin, Ireland",Associate,Full-time,Management and Manufacturing,Outsourcing and Offshoring Consulting,0,0,0,0,0,0,25/08/2022," ""Healthcare"" ""Analyst"" "
212,Community Operations Analyst-FRENCH,Covalen,"Dublin City, County Dublin, Ireland",Associate,Full-time,Management and Manufacturing,Outsourcing and Offshoring Consulting,0,0,0,0,0,0,25/08/2022," ""Healthcare"" ""Analyst"" "
213,Community Operations Analyst-Estonian,Covalen,"Dublin City, County Dublin, Ireland",Associate,Full-time,Management and Manufacturing,Outsourcing and Offshoring Consulting,0,0,0,0,0,0,25/08/2022," ""Healthcare"" ""Analyst"" "
214,FP&A Accountant - Pharma - Hybrid,Engage People Recruitment,"Dublin, County Dublin, Ireland",Entry level,Full-time,Accounting/Auditing,Pharmaceutical Manufacturing,0,0,0,0,0,0,25/08/2022," ""Healthcare"" ""Analyst"" "
215,Community Operations Analyst (UKRAINIAN/ ESTONIAN),Covalen,"Dublin City, County Dublin, Ireland",Associate,Full-time,Management and Manufacturing,Outsourcing and Offshoring Consulting,0,0,0,0,0,0,25/08/2022," ""Healthcare"" ""Analyst"" "
216,Community Operations Analyst-FRENCH,Covalen,"Dublin City, County Dublin, Ireland",Associate,Full-time,Management and Manufacturing,Outsourcing and Offshoring Consulting,0,0,0,0,0,0,25/08/2022," ""Healthcare"" ""Analyst"" "
217,Content Analyst - German speaking Remote,Lingo Recruitment,Ireland,N/a,Full-time,N/a,N/a,0,0,0,0,0,0,25/08/2022," ""Healthcare"" ""Analyst"" "
218,Analyst - P2P (18 month contract),Eli Lilly and Company,"Cork, County Cork, Ireland",Entry level,Full-time,Business Development and Sales,Pharmaceutical Manufacturing,0,0,0,0,0,0,25/08/2022," ""Healthcare"" ""Analyst"" "
219,Community Operations Analyst-Russian,Covalen,"Dublin City, County Dublin, Ireland",Associate,Full-time,Management and Manufacturing,Outsourcing and Offshoring Consulting,0,0,0,0,0,0,25/08/2022," ""Healthcare"" ""Analyst"" "
220,Community Operations Analyst-FRENCH,Covalen,"Dublin City, County Dublin, Ireland",Associate,Full-time,Management and Manufacturing,Outsourcing and Offshoring Consulting,0,0,0,0,0,0,25/08/2022," ""Healthcare"" ""Analyst"" "
221,Community Operations Analyst-FRENCH,Covalen,"Dublin City, County Dublin, Ireland",Associate,Full-time,Management and Manufacturing,Outsourcing and Offshoring Consulting,0,0,0,0,0,0,25/08/2022," ""Healthcare"" ""Analyst"" "
222,Community Operations Analyst-FRENCH,Covalen,"Dublin City, County Dublin, Ireland",Associate,Full-time,Management and Manufacturing,Outsourcing and Offshoring Consulting,0,0,0,0,0,0,25/08/2022," ""Healthcare"" ""Analyst"" "
223,Senior Analyst - Third Party Risk Management,Morgan McKinley,"Cork, County Cork, Ireland",Associate,Full-time,Finance and Sales,Staffing and Recruiting,0,0,0,0,0,0,25/08/2022," ""Healthcare"" ""Analyst"" "
224,"Community Operations Analyst (HEBREW, FRENCH+ARABIC)",Covalen,"Dublin City, County Dublin, Ireland",Associate,Full-time,Management and Manufacturing,Outsourcing and Offshoring Consulting,0,0,0,0,0,0,25/08/2022," ""Healthcare"" ""Analyst"" "
225,Community Operations Analyst-SWEDISH,Covalen,"Dublin City, County Dublin, Ireland",Associate,Full-time,Management and Manufacturing,Outsourcing and Offshoring Consulting,0,0,0,0,0,0,25/08/2022," ""Healthcare"" ""Analyst"" "
226,Social Media Content Review with Estonian,Covalen,"Dublin City, County Dublin, Ireland",Entry level,Contract,Marketing and Sales,Outsourcing and Offshoring Consulting,0,0,0,0,0,0,25/08/2022," ""Healthcare"" ""Analyst"" "
227,Operations Analyst (German Speaking) - Cork/Barcelona,Global Shares,"Cork, County Cork, Ireland",Associate,Full-time,Management and Manufacturing,Financial Services,0,0,1,0,0,0,25/08/2022," ""Healthcare"" ""Analyst"" "
228,Community Operations Analyst-DUTCH,Covalen,"Dublin City, County Dublin, Ireland",Associate,Full-time,Management and Manufacturing,Outsourcing and Offshoring Consulting,0,0,0,0,0,0,25/08/2022," ""Healthcare"" ""Analyst"" "
229,Community Operations Analyst-DUTCH,Covalen,"Dublin City, County Dublin, Ireland",Associate,Full-time,Management and Manufacturing,Outsourcing and Offshoring Consulting,0,0,0,0,0,0,25/08/2022," ""Healthcare"" ""Analyst"" "
230,Community Operations Analyst - Kurdish speaker,Covalen,"Dublin City, County Dublin, Ireland",Associate,Contract,Management and Manufacturing,Outsourcing and Offshoring Consulting,0,0,0,0,0,0,25/08/2022," ""Healthcare"" ""Analyst"" "
231,Project Manager,Reperio Human Capital,"Dublin, County Dublin, Ireland",Entry level,Full-time,Project Management and Information Technology,Staffing and Recruiting,0,0,0,0,0,0,25/08/2022," ""Healthcare"" ""Analyst"" "
232,Senior Technical Product Manager,Optum,"Dublin, County Dublin, Ireland",Associate,Full-time,Product Management and Marketing,Insurance,0,1,0,0,0,0,25/08/2022," ""Healthcare"" ""Analyst"" "
233,Social Media Content Analyst (Swedish),Covalen,"Dublin City, County Dublin, Ireland",Associate,Full-time,"Marketing, Public Relations, and Writing/Editing",Outsourcing and Offshoring Consulting,0,0,0,0,0,0,25/08/2022," ""Healthcare"" ""Analyst"" "
234,Community Operations Analyst-FRENCH,Covalen,"Dublin City, County Dublin, Ireland",Associate,Full-time,Management and Manufacturing,Outsourcing and Offshoring Consulting,0,0,0,0,0,0,25/08/2022," ""Healthcare"" ""Analyst"" "
235,Community Operations Analyst-FRENCH,Covalen,"Dublin City, County Dublin, Ireland",Associate,Full-time,Management and Manufacturing,Outsourcing and Offshoring Consulting,0,0,0,0,0,0,25/08/2022," ""Healthcare"" ""Analyst"" "
236,Associate / Senior Associate - Procurement Process Analysis,Eli Lilly and Company,"Cork, County Cork, Ireland",Associate,Full-time,Purchasing and Supply Chain,Pharmaceutical Manufacturing,0,0,1,0,1,0,25/08/2022," ""Healthcare"" ""Analyst"" "
237,Community Operations Analyst-DUTCH,Covalen,"Dublin City, County Dublin, Ireland",Associate,Full-time,Management and Manufacturing,Outsourcing and Offshoring Consulting,0,0,0,0,0,0,25/08/2022," ""Healthcare"" ""Analyst"" "
238,Community Operations Analyst (UKRAINIAN/ ESTONIAN),Covalen,"Dublin City, County Dublin, Ireland",Associate,Full-time,Management and Manufacturing,Outsourcing and Offshoring Consulting,0,0,0,0,0,0,25/08/2022," ""Healthcare"" ""Analyst"" "
239,Community Operations Analyst - Danish speaker,Covalen,"Dublin City, County Dublin, Ireland",Associate,Full-time,Management and Manufacturing,Outsourcing and Offshoring Consulting,0,0,0,0,0,0,25/08/2022," ""Healthcare"" ""Analyst"" "
240,Community Operations Analyst - Finnish - Day,Covalen,"Dublin City, County Dublin, Ireland",Associate,Contract,Management and Manufacturing,Outsourcing and Offshoring Consulting,0,0,0,0,0,0,25/08/2022," ""Healthcare"" ""Analyst"" "
241,Community Operations Analyst - Norwegian Speaker,Covalen,"Dublin City, County Dublin, Ireland",Associate,Full-time,Management and Manufacturing,Outsourcing and Offshoring Consulting,0,0,0,0,0,0,25/08/2022," ""Healthcare"" ""Analyst"" "
242,BI Developer,LGC,"Dublin, County Dublin, Ireland",Associate,Full-time,Information Technology,Biotechnology Research,1,0,0,0,0,0,25/08/2022," ""Healthcare"" ""Analyst"" "
243,Community Operations Analyst - Finnish - Evening,Covalen,"Dublin City, County Dublin, Ireland",Associate,Contract,Management and Manufacturing,Outsourcing and Offshoring Consulting,0,0,0,0,0,0,25/08/2022," ""Healthcare"" ""Analyst"" "
244,Community Operations Analyst-DUTCH,Covalen,"Dublin City, County Dublin, Ireland",Associate,Full-time,Management and Manufacturing,Outsourcing and Offshoring Consulting,0,0,0,0,0,0,25/08/2022," ""Healthcare"" ""Analyst"" "
245,Community Operations Analyst-DUTCH,Covalen,"Dublin City, County Dublin, Ireland",Associate,Full-time,Management and Manufacturing,Outsourcing and Offshoring Consulting,0,0,0,0,0,0,25/08/2022," ""Healthcare"" ""Analyst"" "
246,Community Operations Analyst-DUTCH,Covalen,"Dublin City, County Dublin, Ireland",Associate,Full-time,Management and Manufacturing,Outsourcing and Offshoring Consulting,0,0,0,0,0,0,25/08/2022," ""Healthcare"" ""Analyst"" "
247,Community Operations Analyst-DUTCH,Covalen,"Dublin City, County Dublin, Ireland",Associate,Full-time,Management and Manufacturing,Outsourcing and Offshoring Consulting,0,0,0,0,0,0,25/08/2022," ""Healthcare"" ""Analyst"" "
248,Community Operations Analyst - Dutch - Evening,Covalen,"Dublin City, County Dublin, Ireland",Associate,Contract,Management and Manufacturing,Outsourcing and Offshoring Consulting,0,0,0,0,0,0,25/08/2022," ""Healthcare"" ""Analyst"" "
249,Community Operations Analyst-GERMAN,Covalen,"Dublin City, County Dublin, Ireland",Associate,Full-time,Management and Manufacturing,Outsourcing and Offshoring Consulting,0,0,0,0,0,0,25/08/2022," ""Healthcare"" ""Analyst"" "
250,Social Media Content Review with Finnish,Covalen,"Dublin City, County Dublin, Ireland",Entry level,Contract,Marketing and Sales,Outsourcing and Offshoring Consulting,0,0,0,0,0,0,25/08/2022," ""Healthcare"" ""Analyst"" "
251,Community Operations Analyst-SWEDISH,Covalen,"Dublin City, County Dublin, Ireland",Associate,Full-time,Management and Manufacturing,Outsourcing and Offshoring Consulting,0,0,0,0,0,0,25/08/2022," ""Healthcare"" ""Analyst"" "
252,Social Media Content Review with Hebrew,Covalen,"Dublin City, County Dublin, Ireland",Entry level,Contract,Marketing and Sales,Outsourcing and Offshoring Consulting,0,0,0,0,0,0,25/08/2022," ""Healthcare"" ""Analyst"" "
253,Community Operations Analyst - Kurdish Speaker,Covalen,"Dublin City, County Dublin, Ireland",Associate,Full-time,Management and Manufacturing,Outsourcing and Offshoring Consulting,0,0,0,0,0,0,25/08/2022," ""Healthcare"" ""Analyst"" "
254,Community Operations Analyst-DUTCH,Covalen,"Dublin City, County Dublin, Ireland",Associate,Full-time,Management and Manufacturing,Outsourcing and Offshoring Consulting,0,0,0,0,0,0,25/08/2022," ""Healthcare"" ""Analyst"" "
255,Community Operations Analyst-DUTCH,Covalen,"Dublin City, County Dublin, Ireland",Associate,Full-time,Management and Manufacturing,Outsourcing and Offshoring Consulting,0,0,0,0,0,0,25/08/2022," ""Healthcare"" ""Analyst"" "
256,Community Operations Analyst (UKRAINIAN/ ESTONIAN),Covalen,"Dublin City, County Dublin, Ireland",Associate,Full-time,Management and Manufacturing,Outsourcing and Offshoring Consulting,0,0,0,0,0,0,25/08/2022," ""Healthcare"" ""Analyst"" "
257,Community Operations Analyst (UKRAINIAN/ ESTONIAN),Covalen,"Dublin City, County Dublin, Ireland",Associate,Full-time,Management and Manufacturing,Outsourcing and Offshoring Consulting,0,0,0,0,0,0,25/08/2022," ""Healthcare"" ""Analyst"" "
258,Community Operations Analyst - Finnish speaker,Covalen,"Dublin City, County Dublin, Ireland",Associate,Full-time,Management and Manufacturing,Outsourcing and Offshoring Consulting,0,0,0,0,0,0,25/08/2022," ""Healthcare"" ""Analyst"" "
259,Community Operations Analyst-DUTCH,Covalen,"Dublin City, County Dublin, Ireland",Associate,Full-time,Management and Manufacturing,Outsourcing and Offshoring Consulting,0,0,0,0,0,0,25/08/2022," ""Healthcare"" ""Analyst"" "
260,Community Operations Analyst-DUTCH,Covalen,"Dublin City, County Dublin, Ireland",Associate,Full-time,Management and Manufacturing,Outsourcing and Offshoring Consulting,0,0,0,0,0,0,25/08/2022," ""Healthcare"" ""Analyst"" "
261,Social Media Content Analyst (Danish),Covalen,"Dublin City, County Dublin, Ireland",Associate,Full-time,"Marketing, Public Relations, and Writing/Editing",Outsourcing and Offshoring Consulting,0,0,0,0,0,0,25/08/2022," ""Healthcare"" ""Analyst"" "
262,IT RAR Applications Analyst – Senior,Siemens Digital Industries Software,"Shannon, County Clare, Ireland",Associate,Full-time,Information Technology,"Appliances, Electrical, and Electronics Manufacturing",0,0,0,0,0,0,25/08/2022," ""Healthcare"" ""Analyst"" "
263,Product Manager,Reperio Human Capital,"Dublin, County Dublin, Ireland",Entry level,Full-time,Product Management and Marketing,Staffing and Recruiting,0,0,0,0,0,0,25/08/2022," ""Healthcare"" ""Analyst"" "
264,Community Operations Analyst-DUTCH,Covalen,"Dublin City, County Dublin, Ireland",Associate,Full-time,Management and Manufacturing,Outsourcing and Offshoring Consulting,0,0,0,0,0,0,25/08/2022," ""Healthcare"" ""Analyst"" "
265,Community Operations Analyst-DUTCH,Covalen,"Dublin City, County Dublin, Ireland",Associate,Full-time,Management and Manufacturing,Outsourcing and Offshoring Consulting,0,0,0,0,0,0,25/08/2022," ""Healthcare"" ""Analyst"" "
266,Community Operations Analyst-GERMAN,Covalen,"Dublin City, County Dublin, Ireland",Associate,Full-time,Management and Manufacturing,Outsourcing and Offshoring Consulting,0,0,0,0,0,0,25/08/2022," ""Healthcare"" ""Analyst"" "
267,Community Operations Analyst-SWEDISH,Covalen,"Dublin City, County Dublin, Ireland",Associate,Full-time,Management and Manufacturing,Outsourcing and Offshoring Consulting,0,0,0,0,0,0,25/08/2022," ""Healthcare"" ""Analyst"" "
268,Community Operations Analyst-SWEDISH,Covalen,"Dublin City, County Dublin, Ireland",Associate,Full-time,Management and Manufacturing,Outsourcing and Offshoring Consulting,0,0,0,0,0,0,25/08/2022," ""Healthcare"" ""Analyst"" "
269,Community Operations Analyst-DUTCH,Covalen,"Dublin City, County Dublin, Ireland",Associate,Full-time,Management and Manufacturing,Outsourcing and Offshoring Consulting,0,0,0,0,0,0,25/08/2022," ""Healthcare"" ""Analyst"" "
270,Lead Customer Order Automation Analyst,Stryker,"Cork, County Cork, Ireland",Associate,Full-time,Engineering and Information Technology,"Appliances, Electrical, and Electronics Manufacturing, Medical Equipment Manufacturing, and Industrial Machinery Manufacturing",0,0,1,0,0,0,25/08/2022," ""Healthcare"" ""Analyst"" "
271,Community Operations Analyst - Swedish - Evening,Covalen,"Dublin City, County Dublin, Ireland",Associate,Contract,Management and Manufacturing,Outsourcing and Offshoring Consulting,0,0,0,0,0,0,25/08/2022," ""Healthcare"" ""Analyst"" "
272,Social Media Content Analyst (Dutch),Covalen,"Dublin City, County Dublin, Ireland",Associate,Full-time,"Marketing, Public Relations, and Writing/Editing",Outsourcing and Offshoring Consulting,0,0,0,0,0,0,25/08/2022," ""Healthcare"" ""Analyst"" "
273,QC Equipment Validation Lead,Haleon,"Dungarvan, County Waterford, Ireland",Associate,Full-time,Quality Assurance,Consumer Services,0,0,0,0,0,0,25/08/2022," ""Healthcare"" ""Analyst"" "
274,Complaint Handling Analyst (German Speaking),Tata Consultancy Services,"Dublin, County Dublin, Ireland",Associate,Full-time,Engineering and Information Technology,IT Services and IT Consulting,0,0,0,0,0,0,25/08/2022," ""Healthcare"" ""Analyst"" "
275,Community Operations Analyst-GERMAN,Covalen,"Dublin City, County Dublin, Ireland",Associate,Full-time,Management and Manufacturing,Outsourcing and Offshoring Consulting,0,0,0,0,0,0,25/08/2022," ""Healthcare"" ""Analyst"" "
276,Community Operations Analyst-GERMAN,Covalen,"Dublin City, County Dublin, Ireland",Associate,Full-time,Management and Manufacturing,Outsourcing and Offshoring Consulting,0,0,0,0,0,0,25/08/2022," ""Healthcare"" ""Analyst"" "
277,Community Operations Analyst-GERMAN,Covalen,"Dublin City, County Dublin, Ireland",Associate,Full-time,Management and Manufacturing,Outsourcing and Offshoring Consulting,0,0,0,0,0,0,25/08/2022," ""Healthcare"" ""Analyst"" "
278,Product Manager,Reperio Human Capital,"Dublin, County Dublin, Ireland",Entry level,Full-time,Product Management and Marketing,Staffing and Recruiting,0,0,0,0,0,0,25/08/2022," ""Healthcare"" ""Analyst"" "
279,Community Operations Analyst-GERMAN,Covalen,"Dublin City, County Dublin, Ireland",Associate,Full-time,Management and Manufacturing,Outsourcing and Offshoring Consulting,0,0,0,0,0,0,25/08/2022," ""Healthcare"" ""Analyst"" "
280,Social Media Content Review with Danish,Covalen,"Dublin City, County Dublin, Ireland",Entry level,Contract,Marketing and Sales,Outsourcing and Offshoring Consulting,0,0,0,0,0,0,25/08/2022," ""Healthcare"" ""Analyst"" "
281,Community Operations Analyst - Hebrew speaker,Covalen,"Dublin City, County Dublin, Ireland",Associate,Full-time,Management and Manufacturing,Outsourcing and Offshoring Consulting,0,0,0,0,0,0,25/08/2022," ""Healthcare"" ""Analyst"" "
282,Community Operations Analyst-GERMAN,Covalen,"Dublin City, County Dublin, Ireland",Associate,Full-time,Management and Manufacturing,Outsourcing and Offshoring Consulting,0,0,0,0,0,0,25/08/2022," ""Healthcare"" ""Analyst"" "
283,Salesforce Administrator (Hybrid),Web Summit,"Dublin City, County Dublin, Ireland",Entry level,Full-time,Information Technology,IT Services and IT Consulting,1,0,1,0,0,0,25/08/2022," ""Healthcare"" ""Analyst"" "
284,Community Operations Analyst-GERMAN,Covalen,"Dublin City, County Dublin, Ireland",Associate,Full-time,Management and Manufacturing,Outsourcing and Offshoring Consulting,0,0,0,0,0,0,25/08/2022," ""Healthcare"" ""Analyst"" "
285,Community Operations Analyst-GERMAN,Covalen,"Dublin City, County Dublin, Ireland",Associate,Full-time,Management and Manufacturing,Outsourcing and Offshoring Consulting,0,0,0,0,0,0,25/08/2022," ""Healthcare"" ""Analyst"" "
286,Community Operations Analyst-GERMAN speakers,Covalen,"Dublin City, County Dublin, Ireland",Associate,Full-time,Management and Manufacturing,Outsourcing and Offshoring Consulting,0,0,0,0,0,0,25/08/2022," ""Healthcare"" ""Analyst"" "
287,Community Operations Analyst-DUTCH,Covalen,"Dublin City, County Dublin, Ireland",Associate,Full-time,Management and Manufacturing,Outsourcing and Offshoring Consulting,0,0,0,0,0,0,25/08/2022," ""Healthcare"" ""Analyst"" "
288,QC Equipment Validation Lead,Haleon,"Dungarvan, County Waterford, Ireland",Associate,Full-time,Quality Assurance,Consumer Services,0,0,0,0,0,0,25/08/2022," ""Healthcare"" ""Analyst"" "
289,German Community Operations Analyst,Cpl,"Dublin City, County Dublin, Ireland",Associate,Full-time,Management and Manufacturing,Staffing and Recruiting,0,0,0,0,0,0,25/08/2022," ""Healthcare"" ""Analyst"" "
290,Cybersecurity Engineer,Enea AB,"Dublin, County Dublin, Ireland",Entry level,Full-time,Information Technology,Computer Networking Products,1,0,0,0,0,0,25/08/2022," ""Healthcare"" ""Analyst"" "
291,Community Operations Analyst - Hebrew speaker,Covalen,"Dublin City, County Dublin, Ireland",Associate,Contract,Management and Manufacturing,Outsourcing and Offshoring Consulting,0,0,0,0,0,0,25/08/2022," ""Healthcare"" ""Analyst"" "
292,"Community Operations Analyst ( GERMAN, DUTCH, SWEDISH, DANISH, FINNISH )",Covalen,"Dublin City, County Dublin, Ireland",Associate,Full-time,Management and Manufacturing,Outsourcing and Offshoring Consulting,0,0,0,0,0,0,25/08/2022," ""Healthcare"" ""Analyst"" "
293,"Community Operations Analyst ( GERMAN, DUTCH, SWEDISH, DANISH, FINNISH )",Covalen,"Dublin City, County Dublin, Ireland",Associate,Full-time,Management and Manufacturing,Outsourcing and Offshoring Consulting,0,0,0,0,0,0,25/08/2022," ""Healthcare"" ""Analyst"" "
294,Community Operations Analyst-GERMAN,Covalen,"Dublin City, County Dublin, Ireland",Associate,Full-time,Management and Manufacturing,Outsourcing and Offshoring Consulting,0,0,0,0,0,0,25/08/2022," ""Healthcare"" ""Analyst"" "
295,Community Operations Analyst DUTCH,Covalen,"Dublin City, County Dublin, Ireland",Associate,Contract,Management and Manufacturing,Outsourcing and Offshoring Consulting,0,0,0,0,0,0,25/08/2022," ""Healthcare"" ""Analyst"" "
296,Financial Planning Accountant,Uniphar Group,"Dublin, County Dublin, Ireland",Entry level,Full-time,Accounting/Auditing and Finance,Pharmaceutical Manufacturing,0,0,1,0,0,0,25/08/2022," ""Healthcare"" ""Analyst"" "
297,"Cork, Ireland | Customer Service and Business Data Technician - Italian language",RWS Group,"Cork, County Cork, Ireland",Entry level,Full-time,"Customer Service, Analyst, and Information Technology","IT Services and IT Consulting, Strategic Management Services, and Translation and Localization",0,0,0,0,0,0,25/08/2022," ""Healthcare"" ""Analyst"" "
298,Community Operations Analyst-DUTCH,Covalen,"Dublin City, County Dublin, Ireland",Associate,Full-time,Management and Manufacturing,Outsourcing and Offshoring Consulting,0,0,0,0,0,0,25/08/2022," ""Healthcare"" ""Analyst"" "
299,Social Media Content Review with Swedish,Covalen,"Dublin City, County Dublin, Ireland",Entry level,Contract,Marketing and Sales,Outsourcing and Offshoring Consulting,0,0,0,0,0,0,25/08/2022," ""Healthcare"" ""Analyst"" "
300,Community Operations Analyst - German - Evening,Covalen,"Dublin City, County Dublin, Ireland",Associate,Contract,Management and Manufacturing,Outsourcing and Offshoring Consulting,0,0,0,0,0,0,25/08/2022," ""Healthcare"" ""Analyst"" "
301,Community Operations Analyst-GERMAN,Covalen,"Dublin City, County Dublin, Ireland",Associate,Full-time,Management and Manufacturing,Outsourcing and Offshoring Consulting,0,0,0,0,0,0,25/08/2022," ""Healthcare"" ""Analyst"" "
302,Community Operations Analyst-DUTCH,Covalen,"Dublin City, County Dublin, Ireland",Associate,Full-time,Management and Manufacturing,Outsourcing and Offshoring Consulting,0,0,0,0,0,0,25/08/2022," ""Healthcare"" ""Analyst"" "
303,Community Operations Analyst - German speaker - Day shift,Covalen,"Dublin City, County Dublin, Ireland",Associate,Contract,Management and Manufacturing,Outsourcing and Offshoring Consulting,0,0,0,0,0,0,25/08/2022," ""Healthcare"" ""Analyst"" "
304,Community Operations Analyst-GERMAN speakers,Covalen,"Dublin City, County Dublin, Ireland",Associate,Full-time,Management and Manufacturing,Outsourcing and Offshoring Consulting,0,0,0,0,0,0,25/08/2022," ""Healthcare"" ""Analyst"" "
305,Community Operations Analyst-DUTCH,Covalen,"Dublin City, County Dublin, Ireland",Associate,Full-time,Management and Manufacturing,Outsourcing and Offshoring Consulting,0,0,0,0,0,0,25/08/2022," ""Healthcare"" ""Analyst"" "
306,Community Operations Analyst - Dutch speaker,Covalen,"Dublin City, County Dublin, Ireland",Associate,Full-time,Management and Manufacturing,Outsourcing and Offshoring Consulting,0,0,0,0,0,0,25/08/2022," ""Healthcare"" ""Analyst"" "
307,Community Operations Analyst - Swedish Speaker,Covalen,"Dublin City, County Dublin, Ireland",Associate,Full-time,Management and Manufacturing,Outsourcing and Offshoring Consulting,0,0,0,0,0,0,25/08/2022," ""Healthcare"" ""Analyst"" "
308,"Community Operations Analyst ( GERMAN, DUTCH, SWEDISH, DANISH, FINNISH )",Covalen,"Dublin City, County Dublin, Ireland",Associate,Full-time,Management and Manufacturing,Outsourcing and Offshoring Consulting,0,0,0,0,0,0,25/08/2022," ""Healthcare"" ""Analyst"" "
309,"Community Operations Analyst ( GERMAN, DUTCH, SWEDISH, DANISH, FINNISH )",Covalen,"Dublin City, County Dublin, Ireland",Associate,Full-time,Management and Manufacturing,Outsourcing and Offshoring Consulting,0,0,0,0,0,0,25/08/2022," ""Healthcare"" ""Analyst"" "
310,"Community Operations Analyst ( GERMAN, DUTCH, SWEDISH, DANISH, FINNISH )",Covalen,"Dublin City, County Dublin, Ireland",Associate,Full-time,Management and Manufacturing,Outsourcing and Offshoring Consulting,0,0,0,0,0,0,25/08/2022," ""Healthcare"" ""Analyst"" "
311,Community Operations Analyst-GERMAN speakers,Covalen,"Dublin City, County Dublin, Ireland",Associate,Full-time,Management and Manufacturing,Outsourcing and Offshoring Consulting,0,0,0,0,0,0,25/08/2022," ""Healthcare"" ""Analyst"" "
312,Community Operations Analyst-GERMAN,Covalen,"Dublin City, County Dublin, Ireland",Associate,Full-time,Management and Manufacturing,Outsourcing and Offshoring Consulting,0,0,0,0,0,0,25/08/2022," ""Healthcare"" ""Analyst"" "
313,Community Operations Analyst-GERMAN,Covalen,"Dublin City, County Dublin, Ireland",Associate,Full-time,Management and Manufacturing,Outsourcing and Offshoring Consulting,0,0,0,0,0,0,25/08/2022," ""Healthcare"" ""Analyst"" "
314,Community Operations Analyst-GERMAN,Covalen,"Dublin City, County Dublin, Ireland",Associate,Full-time,Management and Manufacturing,Outsourcing and Offshoring Consulting,0,0,0,0,0,0,25/08/2022," ""Healthcare"" ""Analyst"" "
315,Indirect Tax Specialist,Pfizer,"Dublin City, County Dublin, Ireland",Associate,Full-time,Accounting/Auditing and Finance,Pharmaceutical Manufacturing,0,0,0,0,0,0,25/08/2022," ""Healthcare"" ""Analyst"" "
316,Associate / Sr Associate - Customer Meeting Services (CMS) – German Hub,Eli Lilly and Company,"Cork, County Cork, Ireland",Associate,Full-time,Other,Pharmaceutical Manufacturing,0,0,1,0,0,0,25/08/2022," ""Healthcare"" ""Analyst"" "
317,Social Media Content Review with Dutch,Covalen,"Dublin City, County Dublin, Ireland",Entry level,Contract,Marketing and Sales,Outsourcing and Offshoring Consulting,0,0,0,0,0,0,25/08/2022," ""Healthcare"" ""Analyst"" "
318,Community Operations Analyst-GERMAN,Covalen,"Dublin City, County Dublin, Ireland",Associate,Full-time,Management and Manufacturing,Outsourcing and Offshoring Consulting,0,0,0,0,0,0,25/08/2022," ""Healthcare"" ""Analyst"" "
319,Community Operations Analyst-German,Covalen,"Dublin City, County Dublin, Ireland",Associate,Full-time,Management and Manufacturing,Outsourcing and Offshoring Consulting,0,0,0,0,0,0,25/08/2022," ""Healthcare"" ""Analyst"" "
320,Community Operations Analyst-GERMAN speakers,Covalen,"Dublin City, County Dublin, Ireland",Associate,Full-time,Management and Manufacturing,Outsourcing and Offshoring Consulting,0,0,0,0,0,0,25/08/2022," ""Healthcare"" ""Analyst"" "
321,Community Operations Analyst - German Speaker,Covalen,"Dublin City, County Dublin, Ireland",Associate,Full-time,Management and Manufacturing,Outsourcing and Offshoring Consulting,0,0,0,0,0,0,25/08/2022," ""Healthcare"" ""Analyst"" "
322,Cyber Security Lead,Reperio Human Capital,"Dublin, County Dublin, Ireland",Associate,Full-time,Engineering and Information Technology,Staffing and Recruiting,0,0,0,0,0,0,25/08/2022," ""Healthcare"" ""Analyst"" "
323,Senior Mulesoft Developer,Abbott,"Dublin, County Dublin, Ireland",Associate,Full-time,Information Technology,Hospitals and Health Care,0,0,0,0,0,0,25/08/2022," ""Healthcare"" ""Analyst"" "
324,"Cork, Ireland | Customer Service and Business Data Technician - Japanese language",RWS Group,"Cork, County Cork, Ireland",Entry level,Full-time,"Customer Service, Analyst, and Information Technology","IT Services and IT Consulting, Strategic Management Services, and Translation and Localization",0,0,0,0,0,0,25/08/2022," ""Healthcare"" ""Analyst"" "
325,"Cork, Ireland | Customer Service and Business Data Technician - German language",RWS Group,"Cork, County Cork, Ireland",Entry level,Full-time,"Customer Service, Analyst, and Information Technology",Translation and Localization,0,0,0,0,0,0,25/08/2022," ""Healthcare"" ""Analyst"" "
326,.NET Developer SQL API LINQ Fully Remote,Computer Futures,"Dublin, County Dublin, Ireland",Entry level,Full-time,Engineering and Information Technology,IT Services and IT Consulting,1,0,0,0,0,0,25/08/2022," ""Healthcare"" ""Analyst"" "
